Front-End Developer (E-commerce Website),Kathmandu Bāgmatī Nepal,Vaidya's Organization of Industries & Trading Houses,https://np.linkedin.com/jobs/view/front-end-developer-e-commerce-website-at-vaidya-s-organization-of-industries-trading-houses-4305422662?position=1&pageNum=0&refId=kyWREHDejZlRmOE6%2F1xRIA%3D%3D&trackingId=3DmncDyCsZM4eTuoDy7Ibg%3D%3D
Frontend Developer,Lalitpur District Nepal,WeFlow Agency,https://np.linkedin.com/jobs/view/frontend-developer-at-weflow-agency-4283386699?position=2&pageNum=0&refId=kyWREHDejZlRmOE6%2F1xRIA%3D%3D&trackingId=%2FNCZvIw4x%2Bec8wiBEjrIXQ%3D%3D
Angular Developer Intern,Lalitpur District Nepal,WeFlow Agency,https://np.linkedin.com/jobs/view/angular-developer-intern-at-weflow-agency-4293579080?position=3&pageNum=0&refId=kyWREHDejZlRmOE6%2F1xRIA%3D%3D&trackingId=tkjS%2BWq6t2pZ1tDgB6xAWw%3D%3D
Back-End Developer (E-commerce Website),Kathmandu Bāgmatī Nepal,Vaidya's Organization of Industries & Trading Houses,https://np.linkedin.com/jobs/view/back-end-developer-e-commerce-website-at-vaidya-s-organization-of-industries-trading-houses-4305407989?position=4&pageNum=0&refId=kyWREHDejZlRmOE6%2F1xRIA%3D%3D&trackingId=jf%2F7pSpAALoHHN8XtcTWvw%3D%3D
Nodejs Developer Internship,Kathmandu Bāgmatī Nepal,Inflancer Technology,https://np.linkedin.com/jobs/view/nodejs-developer-internship-at-inflancer-technology-4309209924?position=5&pageNum=0&refId=kyWREHDejZlRmOE6%2F1xRIA%3D%3D&trackingId=ZuxGLhYUe%2BYdPOC3Ngx6PA%3D%3D
Node js developer,Kathmandu Bāgmatī Nepal,Omega Incorporations,https://np.linkedin.com/jobs/view/node-js-developer-at-omega-incorporations-4308796115?position=6&pageNum=0&refId=kyWREHDejZlRmOE6%2F1xRIA%3D%3D&trackingId=%2BaA1GukpF0SyrqhgI2mZmw%3D%3D
Senior NodeJS Developer,Kathmandu Bāgmatī Nepal,EB Pearls,https://np.linkedin.com/jobs/view/senior-nodejs-developer-at-eb-pearls-4264346133?position=7&pageNum=0&refId=kyWREHDejZlRmOE6%2F1xRIA%3D%3D&trackingId=0WjQjU%2BRk0fA627%2BZDkWrg%3D%3D
Sr. Front-End Web Developer (Wordpress and PHP),Kathmandu Bāgmatī Nepal,Asterdio Inc.,https://np.linkedin.com/jobs/view/sr-front-end-web-developer-wordpress-and-php-at-asterdio-inc-4309498109?position=8&pageNum=0&refId=kyWREHDejZlRmOE6%2F1xRIA%3D%3D&trackingId=YBCyhWB4flQ13RPzy111kg%3D%3D
Vue.js Developer (Senior),Kathmandu Bāgmatī Nepal,DIGU,https://np.linkedin.com/jobs/view/vue-js-developer-senior-at-digu-4303447578?position=9&pageNum=0&refId=kyWREHDejZlRmOE6%2F1xRIA%3D%3D&trackingId=XfKytePY7UfYxOFq0nx%2Bjg%3D%3D
Front-End React Developer (SaaS),Nepal,Frontline Data Solutions,https://np.linkedin.com/jobs/view/front-end-react-developer-saas-at-frontline-data-solutions-4336899523?position=1&pageNum=0&refId=rE%2F3XgXQoGw5AlPMVl7XNw%3D%3D&trackingId=xanHqQNkS%2F%2BnOw0cJxXoyw%3D%3D
Javascript Developer,Kathmandu Bāgmatī Nepal,Outcode Software,https://np.linkedin.com/jobs/view/javascript-developer-at-outcode-software-4326708078?position=2&pageNum=0&refId=rE%2F3XgXQoGw5AlPMVl7XNw%3D%3D&trackingId=tKIheTg9NiUJGpTG3GeG2g%3D%3D
Angular Developer Intern,Lalitpur District Nepal,WeFlow Agency,https://np.linkedin.com/jobs/view/angular-developer-intern-at-weflow-agency-4293579080?position=3&pageNum=0&refId=rE%2F3XgXQoGw5AlPMVl7XNw%3D%3D&trackingId=xVxZXsJIytxExBxtkaEbSw%3D%3D
*****-*** ********* (***** / **-*******),********* *ā****ī *****,*****,https://np.linkedin.com/jobs/view/front-end-developer-react-ui-focused-at-tirnu-4334604044?position=4&pageNum=0&refId=rE%2F3XgXQoGw5AlPMVl7XNw%3D%3D&trackingId=kqhHhIv3vtSwWCln1eaqqQ%3D%3D
****** ******** ********,********* *ā****ī *****,*******,https://np.linkedin.com/jobs/view/senior-frontend-engineer-at-softnep-4269601941?position=5&pageNum=0&refId=rE%2F3XgXQoGw5AlPMVl7XNw%3D%3D&trackingId=dkAEfD%2FsD90FILYXoqAdGQ%3D%3D
**** ***** ***** *** *# *********,*****,********* **** *********,https://np.linkedin.com/jobs/view/full-stack-react-and-c%23-developer-at-frontline-data-solutions-4335928491?position=6&pageNum=0&refId=rE%2F3XgXQoGw5AlPMVl7XNw%3D%3D&trackingId=mMTWPaFlu8zAbSXi8tGI6Q%3D%3D
****** **** ***** ********* **** **/ *****,********* *ā****ī *****,*****,https://np.linkedin.com/jobs/view/senior-full-stack-developer-node-js-react-at-tirnu-4334446695?position=7&pageNum=0&refId=rE%2F3XgXQoGw5AlPMVl7XNw%3D%3D&trackingId=HxdAjBlmHTmhW5a8rga6aQ%3D%3D
Front-End React Developer (SaaS),Nepal,Frontline Data Solutions,https://np.linkedin.com/jobs/view/front-end-react-developer-saas-at-frontline-data-solutions-4336899523?position=1&pageNum=0&refId=7HRlY6%2BGNUOwXXClxOG%2F0A%3D%3D&trackingId=y8db2HojMJWIzjJjzTkbcg%3D%3D
Javascript Developer,Kathmandu Bāgmatī Nepal,Outcode Software,https://np.linkedin.com/jobs/view/javascript-developer-at-outcode-software-4326708078?position=2&pageNum=0&refId=7HRlY6%2BGNUOwXXClxOG%2F0A%3D%3D&trackingId=2xoTFu2JG5jbw62ycia43g%3D%3D
Angular Developer Intern,Lalitpur District Nepal,WeFlow Agency,https://np.linkedin.com/jobs/view/angular-developer-intern-at-weflow-agency-4293579080?position=3&pageNum=0&refId=7HRlY6%2BGNUOwXXClxOG%2F0A%3D%3D&trackingId=TnQiG8AWO2Uk55pGLgsMJg%3D%3D
*****-*** ********* (***** / **-*******),********* *ā****ī *****,*****,https://np.linkedin.com/jobs/view/front-end-developer-react-ui-focused-at-tirnu-4334604044?position=4&pageNum=0&refId=7HRlY6%2BGNUOwXXClxOG%2F0A%3D%3D&trackingId=j%2FnbvNVwo2jdmXsZQono%2Bw%3D%3D
****** ******** ********,********* *ā****ī *****,*******,https://np.linkedin.com/jobs/view/senior-frontend-engineer-at-softnep-4269601941?position=5&pageNum=0&refId=7HRlY6%2BGNUOwXXClxOG%2F0A%3D%3D&trackingId=8xBSreycvuj7PmAsda7fiA%3D%3D
**** ***** ***** *** *# *********,*****,********* **** *********,https://np.linkedin.com/jobs/view/full-stack-react-and-c%23-developer-at-frontline-data-solutions-4335928491?position=6&pageNum=0&refId=7HRlY6%2BGNUOwXXClxOG%2F0A%3D%3D&trackingId=YDPPXFNcApBEYQSVkkHMfQ%3D%3D
****** **** ***** ********* **** **/ *****,********* *ā****ī *****,*****,https://np.linkedin.com/jobs/view/senior-full-stack-developer-node-js-react-at-tirnu-4334446695?position=7&pageNum=0&refId=7HRlY6%2BGNUOwXXClxOG%2F0A%3D%3D&trackingId=Qfo37Lc%2FHbWPfFZhzIQ6MQ%3D%3D
